angle,label
177.2307606324719,1
176.1145208359502,1
175.3985402908485,1
175.0151162151993,1
174.75063469533438,1
174.62497859266662,1
174.45770538676464,1
174.35772837163432,1
174.19945794668152,1
173.98257946831302,1
173.93033202241315,1
174.08838399141638,1
174.05299016957207,1
174.067068862107,1
174.0754891751144,1
174.14834646893792,1
174.176872510909,1
174.21047768264927,1
174.2140556671238,1
174.22948980604764,1
174.2534149683666,1
174.2643970143665,1
174.28897969746365,1
174.50713251633044,1
174.57526692537238,1
174.72619227442107,1
174.74222290810852,1
174.745147685015,1
174.77639056205567,1
174.77209563417304,1
174.77468327758848,1
174.71835576737453,1
174.71188272724945,1
174.97696834769317,1
175.12863877021297,1
175.15779245389453,1
175.04239763514784,1
175.06288530840408,1
175.03881016751222,1
175.0916826746369,1
174.99137931756582,1
175.03232606696588,1
175.04766327384357,1
174.7082470619898,1
174.78754448766176,1
174.86227639120884,1
174.85419060133265,1
175.1766101044633,1
175.48530228387742,1
176.4553183969715,1
177.38154987873475,1
178.15193521546152,1
179.57882895331144,1
178.25263455331003,1
177.37395588536046,1
176.04654017711857,1
174.5746226370975,1
173.12334313399123,1
172.31856130481455,1
171.0525684568292,1
170.90159277758238,1
170.2616978290129,1
168.88430802877232,1
168.38384038008098,1
167.60231119720814,1
167.33652412058797,1
167.07763992542206,1
165.93296473426943,1
165.17784925617306,1
164.76029377779278,1
164.6954461019306,1
163.48706053187775,1
161.73970560365336,1
164.27228593260978,1
163.6542340757234,1
164.56409661344492,1
165.58536499440206,1
164.2661572462843,1
164.2753362193085,1
164.30618556611864,1
164.26405131558195,1
164.29300744796055,1
165.3657585805904,1
167.04096069501605,1
165.71183219539782,1
165.23090153850052,1
166.04565491181307,1
165.60450093916708,1
166.15978862937683,1
167.92776031346648,1
166.4097508903068,1
165.88430221086654,1
165.57680805617687,1
165.51414404881862,1
165.29440424802797,1
164.96237734711426,1
164.46402963684577,1
164.85552406711383,1
164.92094847933504,1
165.11621691916775,1
165.44425860052613,1
165.25198901178692,1
165.0832084285925,1
164.99509706430678,1
165.0723136274947,1
165.22047191937077,1
166.39907574250137,1
166.12565223717573,1
166.3478316715484,1
167.91692951523942,1
169.7207531794112,1
172.30428367896528,1
171.66731022261538,1
172.56328479093932,1
171.2451515005212,1
171.08590851880894,1
170.3825440357691,1
170.54133551946495,1
169.89889140391236,1
169.53071768471565,1
167.9739442998699,1
167.98259509940468,1
169.44324744697772,1
170.4573453083967,1
171.54559338201656,1
171.27962921088255,1
170.37309127307475,1
170.15385974734613,1
168.74017356318723,1
168.1999411045465,1
167.89925968143402,1
167.65086112465153,1
168.58222739237866,1
168.79410194767556,1
168.65447227549797,1
169.51936565246137,1
170.2192423736009,1
170.04868595271742,1
169.825747476466,1
169.9440017913754,1
169.92503599864014,1
169.14893185663038,1
168.46537046383412,1
168.1292899364895,1
168.38160303011867,1
168.31544066389435,1
170.18124581900906,1
170.77844277509936,1
170.11496664984247,1
169.87809209281008,1
170.01882128195086,1
170.92447161940618,1
170.02982407051474,1
169.59248313569924,1
169.6572912196824,1
169.45267453343982,1
168.62090853751772,1
168.98149368484388,1
168.86450331566667,1
170.00281377700844,1
170.7671329410815,1
172.6089615242132,1
172.166584732501,1
171.2590404119448,1
170.05915403083517,1
168.85330740262268,1
167.82487516097532,1
167.15468389103756,1
166.66132414636348,1
166.52502372155834,1
166.8429910203765,1
167.33884631627373,1
166.99606024558247,1
166.78687533196612,1
166.65498995404076,1
166.97918981506288,1
167.66917169520812,1
168.13125473315918,1
168.1618173129045,1
167.79573075488366,1
167.63456707729364,1
167.24072909769774,1
167.0378549772239,1
166.61434548609574,1
166.7521956037094,1
167.1529664553251,1
167.0937658719347,1
166.90489988736974,1
166.9681503684701,1
167.01761495217727,1
167.31093373664797,1
168.147769501342,1
168.8298010398271,1
169.07989103838355,1
169.1787150705016,1
168.89254991197058,1
167.42673650639054,1
166.87410270812975,1
166.01155000963317,1
165.41485915546914,1
165.52184565773646,1
165.4973586767617,1
165.8746714113069,1
166.0227265526268,1
166.05032062090856,1
166.45986580897747,1
166.65201907643512,1
166.68477643756427,1
166.53146476283317,1
166.82161389585394,1
167.00904448570583,1
167.070672164343,1
166.88935573180697,1
167.03810438056414,1
167.2186934954801,1
167.0805508191365,1
167.16314446929064,1
169.18520358861701,1
170.04222597690725,1
170.32308291787487,1
170.62082137022045,1
170.49040562876914,1
170.47489991209716,1
170.4085587135388,1
170.43473350026483,1
170.33828788516306,1
170.29726402599783,1
170.10177374613286,1
170.03343275917635,1
170.1281841661408,1
169.7661513510591,1
169.726856185372,1
169.6616308901205,1
169.6716206754992,1
170.05004796823852,1
170.14226222603793,1
169.7205030848108,1
168.9680595902219,1
168.79541571231752,1
168.41936399414405,1
168.09371429381386,1
168.03639291231224,1
167.93848762183399,1
167.94979655250106,1
167.9431122022627,1
167.6822867075592,1
167.70943920715732,1
167.26778486329164,1
167.1901935065611,1
166.8017083579154,1
166.78014455071818,1
166.76901041915656,1
166.85661856517336,1
166.8683644120607,1
166.4891541306922,1
166.1826099466272,1
166.21786880778558,1
166.28220766886088,1
167.1549343173947,1
168.1416481504093,1
168.332341118838,1
169.41418532000674,1
170.41036132145805,1
171.00258407156016,1
171.36569533519707,1
171.57337830525572,1
172.7181893785674,1
173.34500480149956,1
173.08427659558217,1
172.93803686465304,1
172.4782056166926,1
172.40763754941065,1
172.33430986556024,1
172.04440370413144,1
171.92067293500577,1
171.95589814016773,1
172.00872355646356,1
171.43148974665544,1
171.50175337156367,1
171.61262377618112,1
171.61646851272852,1
171.49168001984825,1
171.26540488341303,1
171.23966227118746,1
171.23403336390112,1
171.2135686713931,1
171.22415872058457,1
171.20223112804874,1
171.2054106427758,1
171.3667631277961,1
171.4267663861221,1
171.59051772042164,1
171.63969324017094,1
172.03978320647556,1
172.17372204382508,1
172.33482051388117,1
172.58226727491453,1
172.56122748971814,1
172.640215733102,1
172.90396571528737,1
173.0996648893754,1
173.17536824825365,1
173.20138692729415,1
172.42497829727057,1
172.42338003692328,1
172.29053717517618,1
172.07094043610144,1
171.95180934850598,1
171.68195241128694,1
171.71755829308609,1
171.90050029734317,1
172.33400965865053,1
172.52953946897244,1
172.61051833269084,1
172.26672225170475,1
172.2309671398686,1
172.26858642115195,1
172.35664582840968,1
172.4543398450322,1
172.4548812051387,1
172.43989934583493,1
172.37520018571618,1
172.4117269227808,1
172.47718563691006,1
172.34375611888674,1
172.28762463606054,1
172.2984515677822,1
172.2133984419701,1
172.11727074135257,1
171.85958560754463,1
171.34806846063248,1
171.17721285123403,1
171.29719557842037,1
171.8361721053604,1
171.7581443386707,1
172.09044759923034,1
172.18646784818526,1
172.475448763896,1
172.62552793725533,1
172.409303022796,1
172.61406911704952,1
172.63698064419796,1
172.6160185089375,1
172.44750161124614,1
172.46809067642135,1
172.46150314504058,1
172.440711412419,1
172.556051030922,1
172.55499452163957,1
172.67617261897288,1
172.6340919548626,1
172.5083398534178,1
172.5743340058933,1
173.23694951165209,1
173.40444758407463,1
173.25122780680118,1
173.34801513464174,1
173.0271727815009,1
172.88634040919297,1
172.7548251769955,1
172.18742391880346,1
171.7581516017149,1
171.8013111393574,1
171.65082548132378,1
171.7443701858734,1
171.8854965691006,1
171.96041685241335,1
172.31254845390706,1
172.30818095939347,1
172.04398066482403,1
171.85719611696751,1
171.92370534371116,1
171.80555504908952,1
171.7457602612307,1
171.85993742632277,1
172.15105953876562,1
172.38871219148524,1
172.46658619530396,1
172.8656853451652,1
172.95232383650847,1
173.11451558611267,1
173.18715133383907,1
173.23629764814757,1
173.2088022931652,1
173.15818797820555,1
173.34657977124195,1
173.87779148093114,1
173.98249202354344,1
173.91685266771805,1
173.9166980431812,1
173.82069846249578,1
173.77896709058808,1
173.68592011903283,1
173.70756266321342,1
173.69015675832085,1
173.7325193970345,1
173.72472626757926,1
173.86732624695588,1
174.00193656042813,1
174.043170174102,1
174.2354255364747,1
174.22806485231536,1
174.2776453856973,1
174.43919368884966,1
174.5877462681541,1
174.72762400984095,1
175.00824787478857,1
175.1621625543738,1
175.1622717167099,1
175.2255414410285,1
175.51131191422908,1
175.5388737271487,1
175.5318406356892,1
175.6801510059729,1
176.25626659141227,1
176.1380015167325,1
175.69082180751516,1
175.76766040771884,1
175.6572887056028,1
175.5968526878034,1
175.62455779020624,1
175.9369646566491,1
175.97063064644342,1
176.0191095875611,1
176.05291149780115,1
175.97747162097835,1
175.91559375579533,1
175.99032910118143,1
176.06101558057972,1
176.10123807662293,1
176.06820890395764,1
176.0367146137414,1
175.99701062441636,1
175.75094731367383,1
175.56106335829213,1
175.12202552831334,1
174.71555754469625,1
174.77453557174618,1
174.75157096567182,1
174.70674437936444,1
174.81331201077964,1
175.08308225036424,1
175.10838896267416,1
175.18690349517436,1
175.24954489198416,1
175.46733363410488,1
175.50149579717552,1
175.6571034997944,1
175.6410726551862,1
175.63731637357483,1
175.67322053612563,1
175.6356759851162,1
175.77277302777136,1
175.75425585793806,1
175.6887956744495,1
175.56164019589937,1
175.53555368402527,1
175.41518268093475,1
175.34223413224103,1
175.26753910185033,1
175.1913267499295,1
175.2410230825674,1
175.2835241662361,1
175.41651538590185,1
175.45031430603296,1
175.55791698122653,1
175.77287236401594,1
175.81276833097996,1
175.58926777901624,1
175.6508372931686,1
175.6576934948326,1
175.71059650514871,1
175.70297437216004,1
175.75118763009596,1
175.70913288352375,1
175.69290721911264,1
175.44983520597395,1
175.39085313048244,1
175.1920939320181,1
175.07349024357103,1
174.8730590267318,1
174.46937618548893,1
174.30669634637604,1
174.3790462630059,1
174.55374371445012,1
174.7162916453884,1
174.7713300841047,1
174.622765367264,1
174.66861399808033,1
174.7858584838291,1
174.85371680233573,1
174.85925031815808,1
174.88099355780136,1
174.69034659639794,1
174.30061953142055,1
174.23895095900343,1
174.0554281021535,1
173.96098232855016,1
174.03493784077995,1
174.17071695384993,1
174.1788381585698,1
174.03514349596796,1
173.98437862162828,1
173.84271726808103,1
173.74496518569876,1
173.81666897892075,1
173.82107161142247,1
173.90717024365256,1
174.12327616241103,1
174.16989094137494,1
174.1857197759272,1
174.25148230009037,1
173.6519259819669,1
173.33030931913387,1
173.20011100863337,1
172.8258882429114,1
172.75625607605284,1
172.96100338307494,1
172.98061607197351,1
172.9952209885177,1
172.8615541585934,1
172.98896439973387,1
172.92021998227332,1
172.67498016732557,1
172.8214940743267,1
172.6654670669585,1
172.5056401429378,1
173.22289444557885,1
173.59707188669796,1
173.69105320596213,1
173.6839981528516,1
173.6732396160388,1
173.64589116084832,1
173.53261289173037,1
173.1439067993374,1
172.94997382641645,1
172.91279130460154,1
172.79572756266714,1
172.52517979460816,1
172.55496898020027,1
173.06438091375026,1
173.14190425932378,1
173.67362070822244,1
173.83103798138038,1
173.90321351414661,1
174.43458623103547,1
174.6395608271492,1
174.49185960871492,1
174.35568888299184,1
174.5004893716667,1
174.63309093956866,1
174.54234023708327,1
174.65417610943481,1
174.6146415087573,1
174.49244523500698,1
174.40885324129525,1
174.3928920283436,1
174.3676847212961,1
174.4326764772749,1
174.31725997311247,1
174.135487704799,1
173.85512476642225,1
173.79868352782256,1
173.51272431014172,1
173.529123192854,1
173.559141879465,1
173.56575476891982,1
174.09371619226937,1
173.9904868269023,1
173.82240232388463,1
173.7308794312667,1
173.7056308399323,1
173.7158018701879,1
174.59929682110015,1
175.0456804128314,1
175.16654489008243,1
175.28532546681603,1
175.55942329811305,1
175.67906259818332,1
175.6439721104543,1
175.66324052718852,1
175.84543232021073,1
175.85784529067837,1
175.88212828496626,1
175.5185482320679,1
175.20628141077327,1
175.31427948892582,1
175.44182549585094,1
175.64156944048284,1
175.76392843176552,1
175.7548673656332,1
175.74434938688802,1
175.7607844582458,1
175.75104015032528,1
175.75789953551165,1
175.82174291869106,1
175.69601695826827,1
175.56221104994128,1
175.30048073860652,1
175.2267421585167,1
175.5602060389725,1
175.3168202836645,1
175.0558095156736,1
174.97127105853536,1
174.9321620227205,1
174.90057652881788,1
174.86270908702997,1
174.88904992178428,1
174.88098645075394,1
174.9935075058747,1
175.01552129305216,1
175.0717789797938,1
174.74013701412247,1
174.69222654118892,1
174.65249640076325,1
174.55259319677475,1
174.46109008550152,1
174.34551310210952,1
174.1703214216317,1
174.30023291501,1
174.38109394880772,1
174.36240785535904,1
174.363765648196,1
174.43729523339485,1
174.55777518048103,1
174.59864405717437,1
174.7754131091674,1
174.90108102980236,1
174.85706260201397,1
174.82578685184242,1
174.87241373605536,1
174.8634707065662,1
174.80963944575632,1
174.89401419539837,1
174.86301070238767,1
174.79449519030211,1
174.73322989417423,1
174.51503318258318,1
174.59728902798778,1
174.62223611906396,1
174.55600378480216,1
174.36228741490552,1
174.2572691411611,1
174.2162147215687,1
174.16636780774843,1
174.17777759365018,1
174.1848034549699,1
174.19639879430864,1
174.2368280815909,1
174.51445105995523,1
174.68282935322293,1
174.90089528304546,1
175.31711469552536,1
175.68879225450647,1
176.02236290306024,1
176.91095195614344,1
176.97269214857937,1
177.2429312643384,1
177.66885559752205,1
177.9575732741977,1
178.2191376112105,1
178.3865972368918,1
178.4959026240107,1
178.25507065413066,1
178.01624289600656,1
178.08599575364687,1
178.1342654454567,1
177.88762683150173,1
177.8385660324951,1
177.83636178644602,1
177.82961216439327,1
177.8138661390739,1
177.84197312857154,1
177.8324018487528,1
177.83254598575752,1
177.88493541991699,1
178.25087589955007,1
178.8054289063051,1
179.13229158580864,1
179.86092065630496,1
179.98948076576104,1
179.975705560666,1
179.93462153264025,1
179.9385591860734,1
179.97434491058323,1
179.94280584729054,1
179.8445029614606,1
179.39632436803686,1
179.17543041975543,1
178.71853807282716,1
178.19166981044938,1
178.1594689384874,1
178.13560533246186,1
178.0610608696633,1
178.09657723169377,1
178.14137774836516,1
178.36111786317707,1
178.69175399928596,1
178.76804051845698,1
178.72951076489338,1
179.12192411055764,1
179.17748495464306,1
179.37374366768088,1
179.07480143169022,1
178.73437368709887,1
178.76593447182717,1
179.2549552603546,1
179.29868422740262,1
179.5532598105582,1
179.81104353311025,1
179.7938596446918,1
179.72433118873784,1
179.64900563463857,1
179.62918937132858,1
179.72611086237242,1
179.78794299741506,1
179.9948219308264,1
179.8470450384321,1
179.56398195910393,1
179.61354743297267,1
179.62422279287856,1
179.60306088852406,1
179.11789244913382,1
179.97855347165026,1
179.45331450602788,1
179.11337776591694,1
179.20836981347225,1
179.9069213743393,1
179.54606081458599,1
179.38249568907707,1
178.60089580476583,1
177.87583478207534,1
178.0027043864111,1
178.04406586944674,1
178.07168107436513,1
178.10831038520305,1
178.11093575328107,1
177.82220161840954,1
178.09727616750925,1
178.37046703382566,1
178.8246849174951,1
179.50668843053018,1
179.04961975407,1
178.49847793883183,1
179.77228843429165,1
179.97950666605624,1
179.30952887091092,1
179.3058644747455,1
179.47468441766648,1
179.4328721547541,1
179.44533298404434,1
179.56580137897387,1
179.40157025026798,1
179.1899606461124,1
179.83059545779201,1
178.92794987170487,1
178.32688868238648,1
178.61577830562686,1
178.5470640091629,1
178.7532801445632,1
179.18241665165658,1
179.48568123579108,1
178.86555489986756,1
178.4911428190074,1
178.80213738775072,1
179.3346136104161,1
179.59743065552576,1
179.95503250829566,1
179.8467556518957,1
179.49521162855152,1
179.49788719974717,1
179.42050277529228,1
179.48360690242367,1
179.9116328637094,1
179.6348304146525,1
178.9260816196267,1
177.46913375340407,1
176.20171079382536,1
175.6677595133388,1
175.55744514250645,1
175.61132565548908,1
175.76036127834047,1
175.88351853302422,1
175.80716598075938,1
175.978749883518,1
175.97280615113903,1
175.9825325855368,1
176.079609749043,1
176.43167593597073,1
176.97257877046155,1
177.64641728901026,1
177.90244738385914,1
178.4176178163245,1
178.65447211842653,1
179.14260478818565,1
179.23107556558764,1
179.7433254261741,1
179.5890937611593,1
179.48150340071078,1
179.41496132578763,1
179.3050663922146,1
179.05045225898027,1
178.36888829159503,1
178.28301354197652,1
177.49754264014464,1
176.9434933889187,1
176.79649548158434,1
177.32941606172045,1
177.89441612052246,1
177.97185763657825,1
178.35294431239433,1
178.53805056119378,1
179.6503983838614,1
179.21665565025134,1
178.4651567325581,1
177.72853554819483,1
176.54580767460044,1
177.32723048849084,1
178.10239093914723,1
178.9481291234894,1
179.26957526029463,1
179.3140932128922,1
179.40044971237575,1
179.38352516030503,1
179.06031244633746,1
178.47637269826595,1
178.71585521163422,1
178.7518113695779,1
178.5687328166367,1
178.12352319413404,1
177.6846003757167,1
177.4873626670985,1
177.61256602217549,1
178.43796635665785,1
177.35768335046316,1
177.11914940472985,1
177.6122044272718,1
179.541776239482,1
178.43187882220283,1
177.63028025696565,1
177.90117124591757,1
177.97825554056243,1
177.82813729866862,1
177.67682615993618,1
177.5069287956784,1
177.6634624971404,1
177.53668418246158,1
177.22761393598424,1
179.65122590861083,1
179.1073895740012,1
179.36072118331188,1
179.67167360669708,1
179.26879524802933,1
179.50891958500233,1
179.61858547713126,1
179.27534552629996,1
179.30445040297425,1
179.30829586870507,1
179.31694376704957,1
179.24550942692213,1
178.78580680547262,1
179.1849998704561,1
179.1613517467043,1
177.69555677214552,1
177.49413241582445,1
177.47959360401933,1
177.47347330956507,1
177.81647285075735,1
178.47494272545225,1
178.65391515503012,1
178.2482884430273,1
177.50239086027995,1
177.11936108440838,1
177.0336961277992,1
176.82519473205522,1
176.70601356887892,1
176.66138414729204,1
176.18563481968192,1
175.78416267581423,1
175.93151645334854,1
176.79445951726467,1
179.05102617664053,1
179.6812528882713,1
179.90428336856922,1
179.02311040425047,1
178.89743558054468,1
178.83232663879778,1
178.68010324691463,1
178.64717019485687,1
178.3728763569085,1
178.10089570673404,1
177.89228726366318,1
177.57136347014404,1
176.8456166489499,1
176.6489806353342,1
176.72219545847722,1
176.9756224827809,1
177.09749114645277,1
177.1893769085416,1
177.5721015993171,1
178.00368077741905,1
178.42999905174688,1
178.50922553418644,1
178.6561379666481,1
178.73169829535965,1
178.95450785094872,1
179.93344029699725,1
179.43522209934176,1
178.8686763832821,1
179.39339548680388,1
179.78131923959714,1
178.8688216568435,1
178.73945528793033,1
178.52033278848953,1
178.31243551569872,1
178.54863868971592,1
178.5355499019408,1
178.7958715863173,1
178.89230561035674,1
178.91239689544042,1
179.00100635747708,1
178.960787664164,1
178.96646480520172,1
178.9869390690365,1
179.17949294905273,1
179.42427286557404,1
178.75966732885547,1
178.5028889307437,1
177.94878302539652,1
177.0240637215124,1
176.0309709773622,1
177.06143697686326,1
178.03797713132857,1
177.96644959412282,1
177.66661002044304,1
177.70146632057273,1
177.81559742926495,1
178.32818653842358,1
178.7259843043413,1
179.0520789174606,1
179.39763803467386,1
179.3148808499175,1
179.39056527251242,1
179.56268132605572,1
179.60595870124405,1
179.74798281388476,1
179.35519778093823,1
179.2765904135702,1
179.28717697595,1
179.35147301061764,1
179.2834953320929,1
179.51098692902036,1
179.54586641415972,1
179.80064081243256,1
179.92414870760516,1
179.9939573707687,1
179.9960328998917,1
179.8967443675739,1
179.79398008098397,1
179.77525383036422,1
179.4498866546489,1
179.10832256455203,1
179.3789269205742,1
179.20274890155846,1
179.2580833582959,1
179.18435305446283,1
179.15354910624907,1
179.46921654985383,1
179.8208664914175,1
179.76626182358999,1
179.7385776474354,1
179.9560761749474,1
179.87532438728746,1
179.83504480580532,1
179.8226929089029,1
179.76124776528124,1
179.55753702976344,1
179.65629505635155,1
179.5094473637139,1
179.3048795065798,1
178.87596046856416,1
178.32774570789184,1
178.02730996185994,1
177.78289654984442,1
177.62915622105263,1
177.25758292235065,1
176.5775222372682,1
176.3185243088925,1
176.08994016558057,1
175.59100657711053,1
175.1367986666726,1
174.94445981243612,1
175.17727928731958,1
175.17442320557407,1
175.2844438211795,1
175.28745478532525,1
175.31051009030057,1
175.3754200013383,1
175.3652384831866,1
175.32602824262443,1
175.65926325691632,1
175.92658262648237,1
175.88571255904745,1
175.79316463716762,1
176.4315703726104,1
176.9741538185627,1
177.17239135720365,1
177.25510675152262,1
177.77670007479122,1
177.81529372047072,1
177.9843086213773,1
178.9483686229568,1
179.34437246986758,1
179.11324981945236,1
179.03157638039173,1
179.02194507153752,1
178.92466789321145,1
178.83258037967366,1
178.723610495934,1
178.62876498737134,1
178.15336975189592,1
177.92838825503944,1
178.39036298561436,1
177.75879787605788,1
177.1700551143565,1
176.62180406272125,1
176.44142935584418,1
176.43025293524857,1
176.42806891269709,1
176.48999261004153,1
176.51641530563316,1
176.37819080833412,1
176.2809205804088,1
176.11982570210282,1
176.41910955579638,1
176.56509897972225,1
176.54407800640354,1
176.64818277456143,1
176.81542983523437,1
176.8432929319985,1
176.85505291752438,1
176.76723625506702,1
176.70178863805032,1
176.70346906993524,1
176.6787673424685,1
176.65939217681918,1
176.6409355817742,1
176.7869419499568,1
176.74277210696954,1
176.7967753224442,1
176.96696495862398,1
176.98931714248886,1
177.0268282919407,1
176.96841803251405,1
177.19947734594842,1
177.55685880781445,1
177.51908064263952,1
177.31502162072272,1
177.27830860892828,1
176.98584626887884,1
176.8963994038992,1
176.83899475192214,1
176.78473677381473,1
176.87734059990268,1
176.77098263398324,1
176.21445125974023,1
176.5400172398923,1
176.84801050724357,1
176.31912984074205,1
176.1038989889135,1
176.06962890879063,1
176.12903618011106,1
176.4044440664917,1
176.52515156110726,1
176.79995661146498,1
176.28287064083034,1
175.83460415690277,1
175.97467467885937,1
175.88035044931016,1
175.51080174192978,1
175.68078399764406,1
175.76956229280765,1
175.8223511453084,1
175.85098354178677,1
176.32096656510663,1
176.69486007139716,1
176.60505734895548,1
176.68660385360394,1
176.73867756601794,1
176.80479275785564,1
176.7480534727907,1
176.35766087696356,1
176.87374038372164,1
177.2431341738635,1
178.27986370166707,1
178.5335339472876,1
178.30687321201498,1
178.2731490464368,1
178.24202083127327,1
178.18581702911254,1
177.95756607614078,1
177.96810819855273,1
177.75423800074765,1
177.42568019703245,1
177.33728182247728,1
177.39773217376975,1
177.49449971522495,1
177.4894540216078,1
177.47226622628853,1
177.34442157008544,1
177.25359767685475,1
177.08681973539467,1
176.99638127361354,1
176.79558735070958,1
176.69178871845168,1
176.8532298202354,1
176.67806534285143,1
176.53417492223542,1
176.41000201195845,1
176.41407705107872,1
176.467637991631,1
176.4453329223478,1
176.41254845979242,1
176.3545557939432,1
176.2745973372137,1
176.10616863836006,1
175.9547262596758,1
175.96297567572657,1
175.9940987881981,1
176.00183861835208,1
176.06866701703464,1
176.13547128132612,1
176.35341764449257,1
175.88617203881566,1
175.9737932925848,1
176.01113555681508,1
176.006037933348,1
175.9412853540775,1
175.9125789167133,1
176.01286828342478,1
176.20414158025397,1
176.42585365103906,1
176.62620813667328,1
176.71442977384584,1
176.81898438545474,1
176.81415877182786,1
176.87474570525637,1
176.87705786130476,1
176.89432318100498,1
177.01054049436095,1
177.04841317626904,1
177.16347925444347,1
177.13127331759821,1
177.04399215119705,1
176.2433115775082,1
175.86146313757214,1
176.4030319388483,1
176.4504824260275,1
176.58032939605135,1
176.51014220124387,1
177.3679184776314,1
178.10124666808488,1
178.17864232832832,1
178.2876383615692,1
178.30621072239953,1
178.649322309235,1
178.94017816382012,1
179.28893985665448,1
179.90155173834034,1
179.04041450101306,1
179.39660559613742,1
179.4933661094849,1
179.73128296888592,1
179.33952275427225,1
179.29032984841044,1
179.33038010266057,1
179.33037012442102,1
179.3625828224684,1
179.83712157642594,1
179.8228149362455,1
179.64567249264607,1
179.6460885018255,1
179.94663224277093,1
179.69101680632082,1
179.58290735000313,1
179.57028930594277,1
179.47958985717077,1
179.344861030094,1
179.12905163332448,1
178.89874267255115,1
178.81202234538,1
178.53122532736108,1
178.3903353325278,1
178.2102282279934,1
178.1540779824409,1
178.21156013391956,1
178.19119074763827,1
178.09075448166655,1
178.0808872763533,1
178.07323017897394,1
178.0980256294928,1
177.95371836462465,1
177.69262288958615,1
177.55759805277708,1
177.78066479402895,1
177.65815885312932,1
177.20117959963113,1
176.7250917088179,1
176.58107110714707,1
176.5283189494816,1
176.6310604891934,1
176.6453118015419,1
176.5105038241783,1
176.08792203680244,1
175.96222728649516,1
175.9912016977317,1
175.98725106651148,1
175.99450552432776,1
176.32677909478878,1
177.00334292227808,1
177.04385998900062,1
177.02375075112099,1
176.58702755365124,1
176.53857912595728,1
176.36444019516847,1
176.4775318894234,1
176.54065351003362,1
176.74429316284665,1
176.8582794482939,1
176.92142631510632,1
176.98726325311085,1
177.0057231381875,1
177.12441720223265,1
176.96777366616993,1
176.9910323476218,1
175.419976330026,1
175.63867629564854,1
175.904497975878,1
176.1194023967132,1
176.2770682120123,1
176.21049690906673,1
176.0557597319516,1
175.69177387453763,1
174.23634446710162,1
173.80590207782794,1
173.72677856230163,1
173.62699265394846,1
173.2685651990494,1
172.9870067320094,1
172.9238612720546,1
173.3302001665036,1
174.2879402187094,1
174.5109603935042,1
175.20454600361975,1
175.5734264655675,1
176.0709681324,1
176.4436066744361,1
176.58093171061796,1
177.29930191721883,1
177.56575175441645,1
177.35143149131378,1
177.4114199006544,1
177.4352871911583,1
177.52308206234392,1
177.54079495382186,1
177.27730528655496,1
177.0064661181775,1
176.9319695918819,1
176.60042611502774,1
176.64176664555544,1
178.4179570905688,1
177.92489505837793,1
176.8707438058229,1
176.29946097621115,1
175.47632976898518,1
175.33434557876748,1
175.0261245406862,1
174.9817301724768,1
175.09590039287082,1
175.45390561465814,1
175.88506555791975,1
175.6123958760423,1
175.12216546543598,1
175.3249636404862,1
175.3222357011156,1
175.25944111145046,1
175.24224641863123,1
175.24214288740393,1
175.0070161332027,1
174.60428354153746,1
174.24203642369224,1
174.3833725998261,1
174.38436876459687,1
174.43034903616078,1
174.403746333333,1
174.32348448312885,1
174.1832398349167,1
174.12614493532357,1
173.98462997782786,1
174.74400651359994,1
174.8579064259283,1
174.9080344069476,1
174.71116221858318,1
174.78173982625043,1
174.73646106168695,1
174.5679978057236,1
174.37517957982539,1
174.50104441478803,1
174.57779962135754,1
174.65232563073164,1
175.38976891852857,1
175.69447892472468,1
175.70006146354976,1
175.8238222738165,1
175.91382250517006,1
176.10514877912686,1
176.35794352329796,1
176.4186283588493,1
176.7739597237817,1
177.05397254182782,1
177.91012851823385,1
178.5447390357453,1
178.54620447320153,1
179.21886424868103,1
179.7965525097744,1
179.9700668475532,1
179.9739824250486,1
179.76947299432442,1
179.69695388488603,1
179.71810583162622,1
178.66988622374856,1
177.32308940679803,1
177.9550452089192,1
177.74834812940136,1
179.0955129013343,1
177.63253653868443,1
179.34665474942483,1
179.20179908774764,1
179.00693913253082,1
178.9564506584534,1
178.9937644392379,1
178.9522509670907,1
179.92475691188227,1
179.74341530676986,1
179.5115587352694,1
179.6355585370761,1
179.85212359383894,1
177.28749773071732,1
177.71330501750433,1
177.6925473075784,1
178.19050635805044,1
178.37096786067326,1
178.517579232373,1
178.17774966134417,1
178.08535029370267,1
178.045975203729,1
178.07331787693872,1
178.6522747315696,1
179.1375700630483,1
179.41021410070744,1
179.73032280180064,1
179.63255726990525,1
179.95635930165054,1
178.88381073729917,1
178.30808396005867,1
179.05791882561405,1
179.8152545139403,1
179.85856446245907,1
179.74344888770736,1
179.59792682206188,1
179.43571787471637,1
179.23280554971436,1
179.1018954301722,1
178.88025553774796,1
178.7449426495162,1
178.54175819486352,1
178.06062890810082,1
177.89658464036998,1
177.32738036109532,1
176.2599522576009,1
175.2243313273124,1
174.73138765808457,1
174.29522541799776,1
174.3853142666574,1
174.37154914310594,1
174.95614793783867,1
175.66478466533584,1
175.89960011861865,1
175.9371575399448,1
175.722929381768,1
175.53482668544282,1
175.1825926476142,1
175.13954619495286,1
175.12938782777985,1
175.438065807251,1
175.7138857587856,1
175.7462807608496,1
175.9530681359842,1
176.0558709959952,1
176.2519044306424,1
176.49063483767668,1
176.92861248252837,1
176.5090739301651,1
176.42877766013848,1
176.30565768514376,1
176.88388660830606,1
176.97793466188185,1
176.86001782123648,1
176.62375765763676,1
176.41568019171092,1
176.19276784258705,1
176.17689845300268,1
176.13913704818572,1
176.17664769815178,1
176.29865625831476,1
176.39147974469822,1
176.05412447465247,1
175.78791115438293,1
175.75904905689552,1
175.77082379501687,1
175.85456390609403,1
176.09705064609113,1
175.8452398603201,1
175.8261647050405,1
176.0057080994118,1
176.13343625052812,1
176.10442048209077,1
176.0211447023933,1
175.4811432529742,1
174.99347265737427,1
174.60919466403604,1
174.4661051833241,1
174.30507472683084,1
174.30480908993806,1
174.25312078182395,1
174.24306779455657,1
174.43782905685663,1
175.42994719594327,1
176.51734606772564,1
176.77545257222354,1
177.0569936734179,1
176.69244695453753,1
176.71605695189376,1
176.76383167498832,1
177.22797151305676,1
177.78074832129806,1
178.1963510706986,1
178.10892931311605,1
178.12550784925898,1
178.12268782250678,1
178.1721737324737,1
178.23088619931127,1
178.44395677381084,1
178.40237802243064,1
178.9682700683038,1
179.0422483595046,1
179.24591736534342,1
179.26637027250797,1
179.28441137126293,1
179.00070928819366,1
178.87552865966458,1
178.74315609163077,1
178.73482273982066,1
178.71023816729613,1
179.02334214126085,1
179.2231217875878,1
178.84474101370103,1
178.65768001426508,1
178.76710471633788,1
178.56711479064015,1
178.4961089891195,1
178.7250030558125,1
179.16176170929043,1
179.00769765280214,1
178.89295297881216,1
178.86589273265614,1
178.7292006388584,1
178.69384613820637,1
178.6250620616441,1
178.65903229913442,1
178.64388265224267,1
178.56285291340694,1
178.59726695817014,1
178.6583025359577,1
178.6337462915126,1
178.5354340674673,1
178.1980828549336,1
177.96770773240877,1
177.7431729438174,1
177.60397882750104,1
177.52777298537177,1
177.38832244119308,1
177.45239005316085,1
177.53475679419046,1
177.66565445146878,1
177.78162528521116,1
178.20961944267071,1
178.26095406062848,1
178.17562811932166,1
178.1992202524761,1
178.05155105912453,1
177.84459056162447,1
177.6959348265987,1
177.5959457233524,1
177.53495383541562,1
177.51502282198723,1
177.40386848910825,1
177.24255059157127,1
177.23518141732168,1
177.16692224068763,1
176.69428392338216,1
176.65850465778422,1
176.68309796219688,1
176.99327575268498,1
177.14489103540174,1
177.15776259624522,1
177.15458867519808,1
177.10250735794546,1
176.99975452224092,1
176.98582732147165,1
176.98685376094835,1
177.0016801118593,1
177.17822286649778,1
177.14549571873593,1
177.09781586302,1
176.94333841362612,1
176.79983894337357,1
176.40835504887647,1
176.4032756448808,1
176.3993779328187,1
176.4343268614206,1
176.37104856956554,1
176.43832778406914,1
176.527017794093,1
176.70877744798761,1
176.66776533487092,1
176.77149411562792,1
176.93254230975057,1
176.97261803762237,1
177.01363013002947,1
176.95746219239342,1
176.94604214071475,1
177.0980043223433,1
176.98781893411004,1
177.0083762724127,1
177.13763427860246,1
177.24843095098325,1
177.30946062091655,1
177.3387659718049,1
177.08258619954708,1
176.82290299685525,1
176.8856059854568,1
177.03287363080287,1
176.9825729936433,1
176.96747284352148,1
176.91446208397434,1
176.82404645443688,1
176.70039266701733,1
176.65790266753888,1
176.46742152282522,1
176.35191032543483,1
175.93411172475822,1
175.8996009777499,1
175.85415598697855,1
175.7845154340383,1
175.404111923785,1
175.0021959886818,1
174.9938522545986,1
174.981071463396,1
174.9371446397656,1
174.9076045900249,1
174.87340192176154,1
174.8992879480924,1
174.89117222778575,1
174.92694193381266,1
175.16792019780794,1
175.51221550997246,1
175.69528007383423,1
176.02016813532595,1
176.13139761214478,1
176.1767891864785,1
176.17565960200514,1
176.19699070965035,1
176.19551757902204,1
176.19464537177686,1
176.2021425343748,1
176.18284968031406,1
176.14466473723957,1
176.10431885031343,1
176.08863718519348,1
175.95703945463487,1
175.7735183671748,1
175.38046553041954,1
175.056848477816,1
174.76020145696384,1
174.47321941886156,1
174.39738412634551,1
174.26457459679582,1
174.21655595138282,1
174.6460558528577,1
175.10124210626782,1
175.16718180000316,1
175.11261395121585,1
175.16550422342317,1
175.1073865957179,1
174.93951180210797,1
174.92006406886563,1
174.5485047211903,1
174.28186619716996,1
174.3594885582215,1
174.20324099885502,1
174.19868376468324,1
174.1952448065773,1
174.13935515196272,1
174.0694240859542,1
173.85971432839546,1
173.64029781041305,1
173.5058052666288,1
173.4306936136768,1
173.35663289385266,1
173.24652846192436,1
172.94228489518747,1
172.86976323388086,1
172.9151778373524,1
172.82343371330805,1
172.57799517051876,1
172.49158641129574,1
172.6927914520833,1
172.62809184905348,1
172.50913205646592,1
172.17021910157075,1
171.70968311408282,1
171.3966106315844,1
171.32473094763188,1
171.29952160706716,1
171.20442618169704,1
171.30899116245806,1
171.29535176164296,1
171.3012979579155,1
171.28408311680454,1
171.28013010799683,1
171.31830250731176,1
171.36264593838834,1
171.34352659439185,1
171.30648706801705,1
171.17113997744966,1
171.23191960532418,1
171.2980928362898,1
171.60533645332364,1
172.08016107647427,1
172.14999709911697,1
172.1302072398427,1
172.13041875846602,1
172.4073722656195,1
172.46848681092385,1
172.64457238873933,1
172.780028318372,1
172.78534847846936,1
172.80843169389408,1
172.9432046606578,1
172.8757666906243,1
172.96219080607642,1
172.97595199486977,1
173.0716290269684,1
173.13282782104224,1
173.58255801506488,1
173.81896647726612,1
173.92296954946232,1
173.87908886565003,1
173.8738589493485,1
173.95572600669294,1
174.05579804084482,1
174.2222232531345,1
174.33867346571387,1
174.89197982726017,1
175.3096658319353,1
175.49079569575963,1
175.36138517055167,1
175.78638973979858,1
175.74793322285856,1
175.8869278531099,1
176.08327437091341,1
175.99509547104213,1
176.18163447063256,1
176.4846680307979,1
176.57549982062972,1
177.01515417126058,1
177.40910850136248,1
177.46886045624493,1
177.57260385606378,1
177.7346793777579,1
177.70243537917625,1
177.28168958085786,1
177.32496375022995,1
177.51325961171037,1
177.59744091186428,1
177.54925004874607,1
177.4422929942725,1
176.8659888504517,1
176.5352774274728,1
176.4404524784868,1
176.33937130784525,1
176.08278484075564,1
175.95772918120244,1
176.1963190541571,1
176.36261595863428,1
176.51505501858702,1
176.9229276632468,1
177.11716836473582,1
177.28886551478496,1
177.59759435849543,1
178.01887421766835,1
178.10993790969675,1
178.0320497986926,1
178.00267148545066,1
178.08472295036688,1
178.0604148237849,1
177.90457194336622,1
177.7356743218577,1
177.52279756505158,1
177.43407308521827,1
177.41396078813273,1
177.29593030474575,1
177.3147952381309,1
177.36719760528533,1
177.4526137917907,1
177.46865913260916,1
177.5331890537602,1
177.53885998529412,1
177.4525033253247,1
177.47186733112162,1
177.35512363114532,1
177.34578333844487,1
177.10614164787273,1
177.02058171629093,1
176.81347622185996,1
176.35886640303846,1
176.33502966197744,1
176.19853398856705,1
176.1056268607451,1
176.09388130216593,1
176.09505165081384,1
176.06939053802506,1
175.94080290305652,1
175.92090617707186,1
175.94625304669373,1
176.05750336868863,1
176.02978422969005,1
176.12050430744642,1
176.24643875517984,1
176.21997385599593,1
176.27697133793305,1
176.41172824061397,1
176.68480852384906,1
176.7190877108482,1
176.7834801539751,1
176.7861117392847,1
176.80750560944918,1
177.13472600970326,1
177.0859733386702,1
177.11312555490173,1
177.20149349776054,1
177.27951659358123,1
176.99771092118496,1
176.83537329319094,1
176.80088976498803,1
176.77132258778133,1
176.89774571938645,1
176.9068272488781,1
176.87675356604885,1
176.84949091246338,1
176.62984900492185,1
176.62084428799525,1
176.26975129343623,1
175.82175262506703,1
175.7508495358576,1
175.68649154809756,1
175.4653003558249,1
175.38064285579625,1
175.30372063909223,1
175.24304481231093,1
175.19290577667823,1
174.9096249115215,1
174.52198249717554,1
174.32373243499183,1
174.362064525789,1
174.4894902387189,1
174.39341444530822,1
174.45984315793862,1
174.53902087218833,1
174.5895976711282,1
174.48586101270902,1
174.39959304668153,1
174.4055824499182,1
174.3967788599134,1
174.3823218040902,1
174.32371691060743,1
174.46247997468285,1
174.50702950481252,1
174.74056277892723,1
174.79524485108627,1
175.05221470779153,1
175.19288513130212,1
175.33896660971575,1
175.46157590666087,1
175.6176200113732,1
175.77636701224313,1
176.0812067260794,1
176.48798015041916,1
176.68823630418052,1
177.01411939375376,1
177.1364332019725,1
177.06773461175882,1
177.02157122948495,1
176.95937211602103,1
176.93602728793803,1
176.76538809395547,1
176.79613820831494,1
176.82215704906884,1
176.73812778651518,1
176.5350587655603,1
176.26421990489055,1
176.14862676622084,1
175.98407585474368,1
175.668886815155,1
175.27223542569666,1
174.94827083142133,1
174.88392442827094,1
174.8289746678656,1
174.71342409602516,1
174.51553475187546,1
174.3202502618669,1
175.0672380686564,1
174.67634959275964,1
174.52500421547487,1
174.37670513899744,1
174.34362401051797,1
174.33423909028812,1
174.29665291246323,1
174.2829202145577,1
174.29928162571173,1
174.33702901840815,1
174.46358394846555,1
174.68181653483126,1
174.7699655522693,1
175.05351939729275,1
175.08345923350404,1
174.88961997403615,1
174.6411204881922,1
174.31801363160497,1
174.07231857669032,1
174.0899944242596,1
174.13904391470086,1
174.13992023240303,1
174.25347629152438,1
174.39782035259182,1
174.57600156114592,1
174.72813859684828,1
174.84537061838955,1
174.9239863646619,1
175.23281197176644,1
175.38716673291316,1
175.49167074256596,1
175.4499809408527,1
175.2839082409743,1
175.6546975605719,1
175.79799368711576,1
175.56882852906656,1
175.51168813020422,1
175.88527500721966,1
176.19020508819779,1
176.11132094445065,1
176.1941696676362,1
176.32143641454115,1
176.4280098481714,1
176.42902907135596,1
176.48723198560637,1
177.0775771402095,1
177.986301719424,1
178.01174638682488,1
177.78763238494474,1
177.39201628505998,1
176.81290102652423,1
176.33052876108718,1
176.10813604565183,1
176.2480663836503,1
176.8322682292357,1
178.25187352381465,1
178.72566190461114,1
178.95158598336846,1
178.9234014218502,1
178.67874497170783,1
178.5577103075777,1
178.36655343460362,1
178.2826356210284,1
178.40949263239344,1
178.56445311274695,1
178.43129888511572,1
177.92405068268036,1
177.54326957419758,1
177.02202404278282,1
176.59198362250453,1
176.24804840261643,1
175.83215336777116,1
175.6107049063314,1
175.58981663228676,1
175.56084988830423,1
175.62134108172611,1
175.60038834500483,1
175.76401757080254,1
175.96491957939716,1
175.9680027468182,1
106.93691811943599,0
106.39203243454861,0
105.64386910033713,0
107.4528004407363,0
109.20202585158913,0
110.22055531270952,0
109.17813448045149,0
108.62355982495488,0
108.41120376406094,0
108.352561722861,0
108.21808462139367,0
108.32354421392519,0
108.38932280113477,0
108.49254507194304,0
108.7933775638733,0
112.35086779439696,0
111.32182820104741,0
110.52718285964565,0
113.90489073924883,0
115.91900968948173,0
114.0305505225146,0
112.22798022592991,0
110.75455687292946,0
110.35251417116605,0
110.21088516360878,0
110.27333832322222,0
110.28171407084162,0
110.35242894619986,0
110.38270011794803,0
110.51521622000827,0
110.61448074991,0
110.56516229500699,0
110.2381812668822,0
110.27313266651917,0
110.06990770606976,0
109.95512536718945,0
109.84516004674126,0
109.99073021108431,0
110.08041678601997,0
110.21297418053565,0
110.38655649319966,0
110.57321194213662,0
110.71636888285755,0
110.76467189960978,0
110.93681426151474,0
111.04641943919239,0
111.22220529731224,0
111.18664723974355,0
111.1295909384232,0
111.02809905849074,0
110.95891567147689,0
113.52523555009411,0
112.48799874192343,0
113.98035839672295,0
115.53149536546135,0
114.48472343063804,0
115.35341648652937,0
113.09548147504731,0
111.09201408002937,0
110.55044713996288,0
110.15495757389708,0
109.83556560505683,0
111.95432810566132,0
113.09192339911921,0
112.084479553068,0
111.42089314638788,0
110.8569858538945,0
110.38163330329746,0
110.14993068448464,0
110.7633094917516,0
110.86470342189946,0
111.09238729085894,0
111.48162402113184,0
111.89318505005913,0
112.75610666854618,0
112.61449145084899,0
111.23589481233209,0
111.332263057322,0
111.43060114386869,0
112.15119065332283,0
112.98634833217902,0
114.12959583052577,0
115.64971104508015,0
115.80444665286171,0
116.60129112985437,0
116.8686366795441,0
116.99067436917845,0
116.78704295273717,0
116.59169587855138,0
116.4520618057164,0
115.75124636091962,0
115.7376904070305,0
115.68983701202886,0
115.64633199996067,0
115.75158425171429,0
115.81801083150611,0
115.92653699652782,0
116.46101455395596,0
117.01198863091886,0
117.59388421884975,0
117.82647441694154,0
118.09809704936409,0
112.5461375314478,0
110.64464900802622,0
110.4441738864898,0
112.59085536201984,0
114.7682432210346,0
116.18067809348656,0
117.26046123461104,0
117.71112008765539,0
117.73450441966148,0
117.93491308591864,0
118.28210026997407,0
118.8312296723811,0
119.15812058031382,0
119.11194345471179,0
119.12875721643195,0
119.1319170733014,0
119.12486143680609,0
118.91411574188602,0
118.76448894787896,0
118.77794229315157,0
118.74115863938616,0
118.58516024593082,0
118.45137175114868,0
118.05810148667337,0
117.90898049204151,0
117.84838409881019,0
117.84376654780327,0
117.83717940976464,0
117.82902760184,0
117.83132262922247,0
117.68104591626134,0
114.08744033843887,0
112.29968062767904,0
113.7564856819325,0
114.48732341795635,0
114.76877743830312,0
115.00312580196484,0
115.37152661454257,0
115.69942285341789,0
115.73028397254242,0
115.82582267981269,0
116.2184754315371,0
116.796838038065,0
116.86316071776388,0
116.86873430630563,0
116.86707231745066,0
116.83130513940277,0
113.93953657633179,0
112.41985286532783,0
111.51292161005128,0
113.44770505614893,0
112.15649149340129,0
111.33065218137399,0
110.9478574006709,0
110.9517143973874,0
110.95974568908166,0
110.88554882017412,0
110.97157589757974,0
114.53408020289469,0
115.66243627534988,0
116.44319688758095,0
116.99974883429226,0
117.0826555793286,0
117.23455317297567,0
117.25703480028955,0
117.30784302097346,0
117.27862362457759,0
117.3030390516922,0
114.08036508932499,0
112.01208079050102,0
112.45295354057865,0
113.4674096153747,0
110.3204839535303,0
107.91370510715123,0
107.23269098941624,0
105.80036575284126,0
105.22910716084415,0
105.02223901769557,0
111.19602606974469,0
113.60468375366433,0
114.69417260278004,0
114.50658399152293,0
114.38498921752313,0
114.28195822809047,0
114.25473254552158,0
114.18941812793376,0
113.90365029408787,0
113.76262525991397,0
113.76119467026129,0
113.65481272677533,0
113.5244058489659,0
107.64167304257963,0
105.31083419516105,0
104.18419887734406,0
103.53148536100991,0
102.95485639195319,0
102.83162057338984,0
102.71866471315015,0
102.70024052389098,0
102.46716078806756,0
102.47778481730165,0
102.47129523662386,0
102.54706023611072,0
102.59686442310431,0
102.57788509377662,0
102.57474906349421,0
102.51225744439373,0
102.51777457155679,0
102.43728801904773,0
102.43746884477102,0
102.46419097122089,0
112.49454577340265,0
110.4217542834246,0
108.5372733619055,0
107.3570126433781,0
112.83197230065801,0
109.293411641224,0
113.36986250394447,0
114.38131963219644,0
114.75240768238568,0
115.11297888021686,0
114.95513532309796,0
114.64110484394253,0
114.37531653432468,0
114.36582541140412,0
106.57730954014858,0
104.24086491082468,0
109.98808647596503,0
112.20272745641003,0
106.81118173432816,0
110.13639825859002,0
111.98455270347364,0
112.98529505059969,0
113.29466858440297,0
113.3966191543401,0
113.48972723627631,0
107.20962383040597,0
104.99791297758559,0
104.11971097485345,0
109.4526300697288,0
112.09419219433177,0
112.6076707207933,0
113.51247725967089,0
114.31558849685088,0
115.19173785939238,0
115.21464396862416,0
114.90173328003783,0
114.51013021541497,0
114.22683375780038,0
113.99981730797623,0
113.92062217354213,0
113.88718323987555,0
113.50813389899795,0
113.18834368694004,0
113.13981615947088,0
113.12796635442344,0
113.03557618676238,0
113.06588726766236,0
112.99222252588477,0
112.98677546691391,0
113.0302371380243,0
113.06919581127687,0
113.1084102031638,0
112.75678732408231,0
112.6626252794605,0
112.10632483284505,0
111.8886478106923,0
111.69223976631504,0
111.23473620942428,0
111.11934866815324,0
111.08010034747339,0
111.27731343754228,0
111.20418698406368,0
111.16111444245375,0
111.33589364354044,0
111.32740342320952,0
111.45108409007537,0
111.43493408262658,0
111.35785359922514,0
111.34781994432717,0
111.38573631435847,0
111.43037339941976,0
111.44457343981917,0
111.53667545547722,0
111.64891026497055,0
111.82577004160348,0
112.0024113546284,0
112.22863756427867,0
112.31913633827497,0
112.46081704299955,0
112.53059397299639,0
112.58654021652197,0
112.56048919011732,0
112.55894751805478,0
112.53689215988693,0
112.42018024008077,0
112.44040024117393,0
112.43269861864694,0
112.39452666841282,0
112.31310371226894,0
112.21843270434844,0
112.12232781623163,0
112.16311361367471,0
112.215905494401,0
112.25650083387784,0
112.32920358296865,0
112.35011318558838,0
112.3861142869962,0
112.6663401298962,0
112.91373049862369,0
113.0397834993865,0
113.16835932883258,0
113.16690838423837,0
113.3328914511034,0
113.3469537556985,0
113.30011749009523,0
113.28034863917831,0
113.13249126001435,0
112.79082362300757,0
112.47080453766831,0
112.49666544594402,0
112.47258071414312,0
112.12631960343883,0
111.99797425373602,0
112.01439130972231,0
112.21523417515766,0
112.23409430305911,0
112.33691336235421,0
112.42513179137732,0
112.52047634501075,0
112.83877800448595,0
112.7946991212951,0
112.84106502490819,0
112.7809534541234,0
113.11647012902175,0
113.59045105547959,0
113.6345090326975,0
113.68235734407678,0
113.70983953208837,0
113.6980132905794,0
113.70967814050756,0
113.81959052256252,0
113.95042149812676,0
114.03667920174087,0
114.1155976261141,0
114.21168982169199,0
114.28986658731964,0
114.45589608724097,0
114.56821392462716,0
114.85273562190164,0
115.39822454023009,0
112.29642239957262,0
112.44481789165208,0
112.73787002830485,0
112.98546215153112,0
113.12344003283758,0
113.4405375522682,0
113.93432397655765,0
114.41559894946948,0
114.63834351948115,0
114.91588578764777,0
115.29775048266613,0
115.56594375201821,0
115.89542564631988,0
116.12380748185674,0
116.57399185702731,0
116.89566258525137,0
117.25151511798812,0
117.6532581983103,0
118.46571914604364,0
118.9891533667455,0
119.4452050652125,0
119.9592170740812,0
117.20012322655238,0
116.44714403434436,0
117.23840995962918,0
116.20491673073153,0
115.41951068926657,0
115.50426093668831,0
115.15149357301455,0
115.28380438645863,0
115.51309157872106,0
115.79749630926793,0
116.4581523223436,0
120.68421785161134,0
122.4256493542864,0
121.54059221703771,0
121.44477009456433,0
121.5434431446996,0
121.72010990326368,0
122.20835042423238,0
122.42156797819237,0
122.55090810900177,0
122.68442344847155,0
122.96182591573383,0
122.97083800920625,0
123.18234126359816,0
123.10510688138423,0
123.15585910362945,0
123.59240587722351,0
123.87567609058047,0
123.98644945118191,0
124.09809433117937,0
124.1548482064843,0
124.040664278076,0
123.83354647235271,0
123.65878860201695,0
123.52249391253825,0
124.32738393462954,0
124.57449403076848,0
124.26919500353978,0
123.97180252572718,0
123.75907150190291,0
123.66745120675174,0
123.60430542365896,0
123.57725573200574,0
123.65452644045288,0
123.64226418468607,0
123.63981534612448,0
123.5517989073901,0
123.41612602278322,0
123.5975228731351,0
123.4738519264344,0
123.45285922588477,0
123.20502153590412,0
123.05603924325273,0
122.65417386662557,0
122.34629930150668,0
121.9524496467328,0
121.49443592597257,0
121.0320273684039,0
120.4918309028917,0
120.27562466324356,0
120.30113077030707,0
120.23070292893267,0
120.41942509184666,0
120.31466327712462,0
120.16168077302113,0
120.05735838104829,0
120.18400334533266,0
120.71783647856108,0
121.18062756232194,0
121.17006900469487,0
121.0542715122994,0
120.79641512235321,0
120.5905988799196,0
120.38505452787318,0
120.06963528259384,0
119.8606669378409,0
119.56032258986801,0
119.61795997631089,0
121.0685294063319,0
121.19500291008607,0
121.02568103905637,0
120.72557349212468,0
120.99113695717018,0
121.00046490888847,0
120.86672959772879,0
120.8244112447346,0
121.41552950727902,0
121.52461264587805,0
118.85912913190295,0
117.34573046798782,0
116.61689079186208,0
119.47319791443587,0
120.79548139186102,0
120.78434669651914,0
120.66063761065551,0
121.00858583906818,0
121.10141935101399,0
121.1492390493862,0
121.20684256567684,0
121.3408527106845,0
121.11829881050137,0
120.85433958204031,0
120.61354900028934,0
120.61301837931303,0
120.49381254809572,0
120.36177156114191,0
120.3421903984484,0
120.34575291046089,0
120.56983434265338,0
120.63966679945224,0
120.72195870278016,0
121.65526657348171,0
121.8469503942423,0
118.5467836957084,0
116.97484531547322,0
116.85265737973363,0
117.00993988705432,0
120.8105285005853,0
122.76361581667842,0
122.93674315773961,0
123.76508759638146,0
123.60341736273963,0
123.8636743115644,0
121.10190559929836,0
119.87240789879313,0
119.21071276967763,0
118.86128610322481,0
118.43095548283544,0
118.36669384443064,0
118.39019225520637,0
118.48803073509322,0
118.38667449712618,0
118.30388527016322,0
118.40883835598768,0
118.36025625940613,0
121.49143568944937,0
122.66189464765013,0
123.84560177430981,0
124.38000738768885,0
125.07884346633948,0
124.0568926816338,0
123.85660866569712,0
123.80603763953874,0
123.54483129208091,0
123.0057999334417,0
122.81418801603189,0
122.68925130176159,0
122.60848649219152,0
122.62413533645703,0
122.62194270370497,0
122.62633939811309,0
122.62038218434637,0
122.65141960348485,0
122.71873560288232,0
122.73124080574485,0
122.76892323733055,0
122.78237821442148,0
123.00587161899524,0
122.98621625725386,0
123.05543255090757,0
123.06515485464897,0
122.6795719477248,0
122.30400402127273,0
122.05466081035179,0
121.5829618575956,0
121.22494049195464,0
121.04470222002672,0
121.04466439214193,0
120.96579246917773,0
120.82178568287061,0
120.60876735275289,0
120.2582173156441,0
119.95506988534227,0
119.60705460360154,0
119.37403930336896,0
119.24847505451058,0
119.10198755160468,0
118.91140570996959,0
118.73321488731293,0
118.52618626564393,0
118.3103428034483,0
118.05246711834074,0
117.88299365506452,0
118.00278676411484,0
118.02276254306301,0
120.66951677708467,0
121.51254535435687,0
121.45706383732576,0
121.5968918165256,0
121.22866533576796,0
121.27534291267305,0
121.30880119791172,0
121.52261988376053,0
121.49812337676852,0
121.23821543131251,0
118.17787679450853,0
116.85767064465345,0
116.04764879761382,0
115.54477962852351,0
115.21407311075652,0
114.84934571296765,0
118.8139949983445,0
119.52403428488012,0
118.18609951904719,0
117.33541647116903,0
117.02142177727269,0
117.10348369349146,0
117.08360151645876,0
117.09047857094356,0
116.95333054080841,0
117.32721421230053,0
117.42714769196147,0
117.5405355863126,0
117.5684983902607,0
117.53935060685288,0
117.36664957496946,0
117.14357349362778,0
119.40986343363993,0
120.78367659688912,0
120.79072460168805,0
120.69299047484388,0
120.82359901452381,0
121.89004811312957,0
122.34121878272592,0
122.43690394157798,0
122.20847632509184,0
122.417767064343,0
122.76336041386584,0
122.77652783309716,0
123.25564498775763,0
123.32563409084666,0
123.35288297125632,0
123.44599282244502,0
123.39612130609024,0
123.25812269617592,0
123.19855625484111,0
123.0594500995655,0
122.69427432391345,0
122.35282967091398,0
122.55171389200001,0
121.3900189558727,0
120.34058996097285,0
119.00459945220227,0
119.2427789937611,0
119.87814925934627,0
119.99449930028061,0
120.30873427724633,0
120.57864844788915,0
120.34952086648116,0
119.69250722783352,0
119.0683848203826,0
118.90282685262108,0
119.07008847087874,0
119.55070842706839,0
119.94820761998649,0
120.2926516656483,0
120.51456575613392,0
121.01353468324675,0
120.65781815072567,0
119.73456609351327,0
119.04252362942182,0
118.3785279636228,0
114.54102822984018,0
111.55242540318463,0
111.19060237669733,0
113.01745217136963,0
114.63516241573056,0
114.97518211739255,0
112.91265147177704,0
115.30615619124652,0
116.27569132936193,0
117.0685287657252,0
116.96195740937576,0
112.10535524923185,0
110.45429206090333,0
111.2735166705441,0
112.01090056335468,0
112.80931741280901,0
113.14633531337621,0
113.55014026818611,0
114.04691598201977,0
114.31327465041082,0
114.82438455296884,0
114.92197975423059,0
114.99964016750108,0
115.02675304375225,0
115.03933334097813,0
114.99753945888823,0
114.97881874234331,0
114.93780702980028,0
114.95529118072689,0
114.9441812950746,0
114.97586817078628,0
115.0251431802341,0
115.10245767933495,0
115.16230182715721,0
115.31260589599135,0
115.2491466709204,0
115.0870405078733,0
115.00377733244888,0
114.83638590734249,0
114.52509798840076,0
114.10951155694579,0
113.9439037984121,0
114.41521168329596,0
114.83832444953423,0
115.11653175383069,0
115.44824915485802,0
115.2883641282801,0
115.43124550271563,0
115.5874745678688,0
115.94599494624258,0
116.22544723699222,0
116.2841679426768,0
116.39188484293962,0
116.25815659829341,0
116.24237270272991,0
116.1736758352077,0
116.00355362596295,0
115.76327369343147,0
115.77615752792538,0
115.79203294557216,0
115.82624309761454,0
115.74770271067642,0
115.58986427384347,0
115.62011240504378,0
116.09797542674923,0
116.39734869964558,0
116.53569126449018,0
116.793922664824,0
117.13211621512724,0
117.06555264017788,0
116.96007529134755,0
116.84237393044329,0
116.76796735232573,0
116.7062596846285,0
116.48513425439539,0
116.32726703865974,0
116.15326559701533,0
116.27354165427269,0
116.4812221140887,0
116.65076913203936,0
116.62768897156708,0
116.37632367724673,0
116.13864698972897,0
116.06291626421302,0
116.22462402937482,0
116.04671538980905,0
116.09736032998651,0
116.23797316174544,0
116.29074015755732,0
116.35770830005548,0
116.23791706961703,0
116.25609086709227,0
116.24620538692787,0
116.16859770908003,0
116.00276131827212,0
116.16352368099662,0
116.20561025060373,0
116.45235888217965,0
117.03967568511709,0
117.27948284363309,0
117.33287337398836,0
117.30997771739926,0
117.33042185579352,0
117.89475441996858,0
118.4313434069022,0
118.56571141106765,0
118.60637391922538,0
118.86694879278971,0
119.50497291420366,0
120.230818842816,0
120.94157525818623,0
121.6657510897879,0
122.11571652121627,0
122.44408918787147,0
118.02701102238805,0
116.78622612152391,0
118.6835471905562,0
117.65872831193211,0
121.23123323117336,0
124.16341429754712,0
120.60128096175073,0
119.65992831297417,0
119.31938361923994,0
119.35417482674076,0
121.9732288668591,0
121.20943144457408,0
121.54714299713888,0
122.45395771376081,0
123.39738801574588,0
124.01006818120933,0
124.8596245591338,0
125.34502516390867,0
125.90637840537246,0
126.94105055998008,0
128.6912811320452,0
129.4934599435214,0
130.24486689050926,0
131.72955957227816,0
132.9166497938242,0
133.62317921814625,0
134.29236531218157,0
135.03188159413762,0
135.58271878656728,0
135.71748325191456,0
136.1490831370535,0
136.46922060350698,0
136.66833575229796,0
136.6616498947454,0
136.74814212452168,0
136.4753410291713,0
135.71457053679433,0
134.5756781614728,0
133.71386600902332,0
132.6462728851024,0
131.90792162069582,0
130.72241960215965,0
129.35297646838427,0
128.58387545292098,0
127.8667656488309,0
126.9826515975807,0
126.20363552174076,0
125.62831099259985,0
124.17257405502427,0
124.02673974467243,0
123.33570462704215,0
122.41175514476893,0
121.50423123978226,0
120.48254791399908,0
119.16299400509,0
118.31611186054727,0
118.00685533215884,0
117.71138657001877,0
117.20756142602124,0
116.4891419981527,0
115.92724731275925,0
116.10297422359946,0
116.5142279719989,0
116.59129695030622,0
116.57378527065121,0
118.22735317248247,0
119.24882381807485,0
118.57465159085896,0
118.00313638925121,0
117.56183924100056,0
117.2189628961622,0
116.86749877284267,0
116.68151379066495,0
116.43108118173853,0
116.01194810690178,0
115.83239449859593,0
115.76759353202408,0
115.75276104274997,0
115.51354793502486,0
117.82256033195782,0
118.33120111087486,0
117.61730116120225,0
117.93647648707585,0
118.50159207277281,0
117.34334777350591,0
117.1364102931303,0
117.17448101608869,0
117.29865402024372,0
117.21970510887063,0
117.20574164692371,0
117.27031895144188,0
117.2986266137333,0
117.51071494499301,0
117.45496420191215,0
117.79810197396952,0
118.00047612864459,0
117.9116087788807,0
118.02084715094597,0
118.54133567580936,0
119.0550875075455,0
119.23944263314675,0
119.57189738095039,0
119.56306480007352,0
120.23393397063782,0
121.37589183562156,0
122.54122325182242,0
123.41767839230847,0
123.95810538921006,0
124.82468880444694,0
125.93333153300541,0
126.78669602543184,0
127.99234004877245,0
128.38590837464207,0
128.38097357940896,0
128.68036815077036,0
128.689162994201,0
128.7561559814181,0
128.5617941776439,0
127.95907219451855,0
126.86220977440163,0
126.07280983831265,0
125.77699349943019,0
125.14231606843398,0
124.12819966002715,0
123.61610627333073,0
122.97788946300878,0
122.78588759379747,0
122.05331842702039,0
121.12491488839542,0
120.47019826433674,0
119.9111369775302,0
119.66281725594891,0
119.55897847234515,0
119.68379846596855,0
119.57607738913619,0
119.74850995989313,0
120.04822409492141,0
120.41127591600733,0
120.61918107324469,0
120.72054897867983,0
120.77901670948623,0
120.71988754870456,0
120.72076892152064,0
120.84839244590404,0
121.00553572015853,0
121.05262859358146,0
121.34007483292493,0
121.38791876476066,0
121.4218715143205,0
121.49536612119655,0
121.58118066836728,0
121.75945397898967,0
121.89565018373536,0
122.112396924153,0
122.25862611318769,0
122.28810024062325,0
122.172525352173,0
122.07749493451959,0
121.99543714074879,0
122.09101302896686,0
122.28463944807362,0
122.49070783486928,0
122.7426819032983,0
123.09171129570383,0
123.29476546318102,0
123.64724863292875,0
123.88527518546633,0
124.2276399785156,0
124.63919251299878,0
124.96133573038108,0
124.92667900623994,0
124.77245949864752,0
124.85005647981421,0
124.49083457448347,0
124.17471549880561,0
123.90673879011541,0
124.05533154234477,0
124.10646561471991,0
123.82818788231637,0
123.44915817070628,0
123.3309897537208,0
123.22162599554059,0
123.11268330700159,0
123.02009956271452,0
122.84897249512682,0
122.79396222137774,0
122.8732795946046,0
122.93739052114357,0
123.04264387803532,0
123.04206280321584,0
123.06523298438204,0
123.14765095863874,0
123.25476786958131,0
123.27238862450984,0
123.37817103726886,0
123.7784504184803,0
124.03115295504067,0
124.12449331042806,0
124.12002887486922,0
124.08261459730865,0
124.1157388820252,0
124.18127491677917,0
124.15384500860249,0
124.12712272851476,0
124.07553136063366,0
124.07401116620824,0
124.02027247321068,0
124.02815012238777,0
124.12362423137557,0
124.233103270331,0
124.3196200450865,0
124.36208676823075,0
124.36301580471604,0
124.36394309611005,0
124.37802074389788,0
124.39379812394601,0
124.48850253483596,0
124.52113705000902,0
124.51513421479186,0
124.55318428819119,0
124.57044146028639,0
124.60987825032605,0
124.60836696842301,0
124.61463010041153,0
124.58287358666239,0
124.55933181780141,0
124.56774023635126,0
124.55784713596782,0
124.61740933610615,0
124.68230664243745,0
124.75731559859253,0
124.90715470766658,0
124.97450508663869,0
125.2357439422529,0
125.33049566886916,0
125.36420768090397,0
125.3984284413594,0
125.43344316279514,0
125.44365818553241,0
125.46702386785029,0
125.46065650448267,0
125.49784513870888,0
125.51170311072602,0
125.5089455952183,0
125.46167596121947,0
125.4992131867409,0
125.54202581031473,0
125.54869570808091,0
125.66072299982304,0
125.76108891669722,0
125.74816024178195,0
125.75027631240623,0
125.82468307267504,0
125.90716221913819,0
125.93783012963847,0
126.0144441735594,0
126.08956851134695,0
126.1165789730069,0
126.26009093700635,0
126.60512322568366,0
126.94910408613579,0
127.31213874762483,0
127.80994382811501,0
128.1956902063353,0
128.68397104578986,0
129.08639528198023,0
129.52487067852815,0
130.22304670639713,0
131.19227927957914,0
132.26302037713216,0
133.9940134891725,0
135.14043999670682,0
135.65614359761045,0
136.42391293727252,0
136.87064954189964,0
137.24956727063716,0
137.8211907489213,0
138.51538943698998,0
138.63557782964781,0
139.21189861906905,0
139.5300526993212,0
139.5813646742376,0
139.64917955583357,0
139.76884485652204,0
139.83805690269358,0
139.54230051373145,0
139.26523976283585,0
139.0953324498747,0
138.85620572833827,0
138.71250052328296,0
138.4695570435535,0
138.30810165861416,0
138.3109442295461,0
138.04696961743625,0
137.60762719176572,0
137.21084648404815,0
136.7698661866469,0
135.87238548695245,0
135.39464923782836,0
135.25453227211554,0
134.9677158959589,0
135.03990164019376,0
134.92258025200175,0
134.62053098862216,0
134.31783295510203,0
134.09125057384375,0
133.82259689276833,0
133.57813134479375,0
133.0308585396338,0
132.63752849171075,0
131.95441856978232,0
131.53113473153962,0
131.62967510586049,0
131.53918760942435,0
131.51605059582837,0
131.2919118348427,0
130.8232879979897,0
130.40411597993,0
130.04172046498587,0
129.7916785919893,0
129.4963798590662,0
128.71167034491162,0
128.20080062701942,0
127.31652203220101,0
126.44587515666208,0
125.59934821433292,0
125.20147754681443,0
124.91828096432917,0
124.60989627379762,0
124.44487721843255,0
124.3684164703878,0
124.02859335764761,0
123.79217945397718,0
123.75676191578115,0
123.838153178979,0
123.8293945695682,0
123.93468496368496,0
124.04143748126131,0
124.14411379676555,0
124.0854470761695,0
124.05026805064207,0
124.05695425302136,0
123.99088879569382,0
123.99132068312348,0
123.98816281753606,0
124.0192189029542,0
124.0255766365046,0
123.9858141408934,0
123.99409442510101,0
124.0031313663318,0
124.15898178111031,0
124.40234429363446,0
124.41924864892837,0
124.52990149983684,0
124.64337381454882,0
124.6117459560217,0
124.4711775573397,0
124.35493853220844,0
124.28262434755064,0
124.23468204072216,0
123.96773749657059,0
123.82193613826554,0
123.75117955168758,0
123.77734110705264,0
123.82052338567908,0
123.93550175950813,0
123.99925522498559,0
124.00073561625736,0
124.0003600028288,0
123.84319022838552,0
123.6984125638454,0
123.46092273910656,0
123.53791847682146,0
123.36674667529633,0
124.405117429925,0
124.24651883630378,0
124.32076040763755,0
125.02523721653273,0
124.67507568454386,0
124.48887078232778,0
124.3929582685412,0
124.53010414968163,0
124.70837391849903,0
124.69939823809234,0
124.60239029216275,0
124.67411544627767,0
124.48920694156725,0
124.30738598598306,0
123.85418167522306,0
123.89200390078783,0
123.95164948305309,0
124.01667854897029,0
124.0756114205494,0
124.19134207132964,0
124.1771802554284,0
124.2273615892703,0
126.61234070938089,0
126.53939850220004,0
126.48360347614495,0
126.3873420451883,0
126.32832376027055,0
126.36263179365757,0
126.52008166820816,0
126.69464871528457,0
126.72484479209184,0
126.76766084465929,0
126.71348632007457,0
126.66739772085147,0
126.66948607986073,0
126.56732464146064,0
126.47607291351302,0
126.35348825681096,0
126.1707998720248,0
126.04949945367566,0
125.95185415514746,0
125.87344259163984,0
125.79979537121709,0
125.77005600593154,0
125.72975867262383,0
125.66265672414256,0
125.55708042478916,0
125.5026708574962,0
125.33972199618935,0
125.21295940134068,0
125.14271981438927,0
125.14398401830799,0
125.14030257429792,0
125.11711213399644,0
125.1012997574941,0
125.10141903039154,0
124.99808265089727,0
124.94051502573643,0
124.96657716606973,0
124.97515983233468,0
125.00133925915766,0
125.01694579733747,0
124.98225115721424,0
124.95669367511313,0
125.02951677315797,0
125.07337751628071,0
124.98184232571622,0
124.91675377877029,0
125.19306645051034,0
125.20409360634753,0
125.28949519147947,0
125.32663588978306,0
125.03767581189561,0
125.92431474880772,0
126.98091861335132,0
127.39091130761649,0
127.33243224812892,0
127.20758291367673,0
126.35284631721635,0
125.53597966285564,0
124.98790810065859,0
124.75889665619427,0
124.52716565979149,0
124.46557686736485,0
124.40558949101855,0
124.41766580220805,0
124.42600131441772,0
124.39412328225056,0
124.36489584189249,0
124.40259336858796,0
124.42818352242587,0
124.32893460274866,0
124.29748801500918,0
124.31689524170461,0
124.28920003130919,0
124.31793666530534,0
124.3417340990569,0
124.3635586496898,0
124.39607344248736,0
124.42800578088426,0
124.47223025107195,0
124.45401848701839,0
124.44376805958093,0
124.5077821626484,0
124.58370144485669,0
124.71109109336484,0
124.78921418604868,0
124.95988963386542,0
125.11571906226065,0
125.19366467588355,0
125.21065852161082,0
125.18152379588918,0
125.2172628653192,0
125.24639574286421,0
125.25189056267791,0
125.25138229152527,0
125.2815410656742,0
125.3008635921329,0
125.359386145524,0
125.3759258273467,0
125.47938752535133,0
125.57884759757187,0
125.53077548220472,0
125.49111657863929,0
125.53750838942021,0
125.43739723317677,0
125.46401061654036,0
125.38878287395531,0
125.40064304740393,0
125.69025559283446,0
125.56487190526535,0
125.82986675193497,0
125.2078624071183,0
123.8963670653923,0
122.83620730726047,0
122.24699775546276,0
121.36432085539275,0
120.69471480589611,0
120.05709376368857,0
120.28558758484004,0
119.63940546017102,0
118.96741171252195,0
117.50864359377228,0
116.41382468578053,0
116.04682480955444,0
119.48333749572141,0
119.81821951083401,0
118.40002401407317,0
119.57754072745922,0
119.46130146966661,0
117.28597602268135,0
115.56607338552966,0
113.98555921121624,0
113.28592395390177,0
112.92761253749863,0
115.07754547601901,0
116.60393548596025,0
117.721336831967,0
118.06634719776721,0
118.1623935049211,0
118.43778158328095,0
118.54265702963755,0
118.57330600158865,0
118.59366656125495,0
118.88860902320711,0
119.30260174191775,0
119.43297640828037,0
119.40191091726709,0
119.44502001507998,0
119.53766552553893,0
119.57163364473512,0
119.6323197930581,0
119.77271414834853,0
119.89244022128355,0
119.96098865105365,0
120.02292208562461,0
120.04196755917637,0
120.17957977140541,0
120.1004483072222,0
120.13543301261491,0
120.18745281095433,0
120.38014830172453,0
120.62473209690572,0
120.76313413377812,0
120.94316648630625,0
121.1244095046949,0
121.63635962534993,0
121.90645782519742,0
118.53064146318802,0
119.01734683432802,0
119.72402506248024,0
117.51191331897317,0
116.66412851465793,0
116.92068962985788,0
117.19303324863932,0
117.56517837428977,0
117.98688517734426,0
118.651133274031,0
118.97500496677458,0
119.34245655077599,0
119.6122977420526,0
119.9812418867065,0
120.48531620970716,0
121.13354671511186,0
121.52503550340528,0
122.20870248738106,0
122.90025110889638,0
123.76535201483085,0
124.38535866009778,0
124.80689180936854,0
125.27208563589956,0
125.38325750062411,0
125.40204791191937,0
125.73970206562322,0
126.17271688072051,0
126.79026319014358,0
127.93367156946981,0
128.77765547737917,0
129.3141830922197,0
130.2122651708612,0
131.35547300573367,0
132.26283873590506,0
132.42102798258782,0
132.730283663051,0
132.8443685604668,0
133.5454701259555,0
134.03809806952438,0
134.64239137243263,0
135.18001865353656,0
135.54302232664395,0
136.27079825824995,0
137.02709728466868,0
137.51024299327366,0
137.84574146769722,0
138.17800238917718,0
138.4574829924662,0
138.75103138018522,0
138.9238927109879,0
138.95764019893497,0
138.99692412115806,0
139.11722178124893,0
139.2072723842561,0
139.43553876826272,0
139.65319033237716,0
139.80579172391347,0
139.93207161297838,0
140.08176030053502,0
140.2592051557304,0
140.38944094518115,0
140.46114994049285,0
140.5723586075054,0
140.59171936687633,0
140.6665127491172,0
140.72796653698921,0
140.77329571059727,0
140.76874016952405,0
140.7259535323315,0
140.68501247022124,0
140.51698583874608,0
140.39855304310132,0
140.25923692776655,0
140.04256462189832,0
139.61611056721085,0
139.28083469064129,0
138.83581607152024,0
138.53366403257965,0
138.10360133576128,0
137.77023424533655,0
137.39367350020396,0
137.20046677083886,0
137.04793699459097,0
136.86037040453655,0
136.88263447303638,0
136.77936440301747,0
136.7547650764888,0
136.7461650388126,0
136.80224664855785,0
136.67664084398436,0
136.6833550514541,0
136.647625942742,0
136.44889868402606,0
136.30085045386755,0
136.33220715798035,0
136.32068421247772,0
136.33596742201695,0
136.36749315831725,0
136.37200461598098,0
136.37374407618722,0
136.41219726927557,0
136.40651656128105,0
136.44778607810065,0
136.48070529461867,0
136.4896251772303,0
136.50337723134473,0
136.5175500551564,0
136.50795151526833,0
136.55309150758774,0
136.58918938062814,0
136.65839551242442,0
136.55512047996322,0
136.43045905303407,0
136.33408689837893,0
136.26012880661412,0
136.29481445738563,0
136.2279045242438,0
136.24559517501714,0
136.23682531841956,0
136.26163341997065,0
136.36933841704112,0
136.41539001991225,0
136.51021166315914,0
136.64381786760748,0
136.856429812625,0
136.95169884354087,0
136.9925373072987,0
137.0372364129024,0
137.09085657074192,0
137.10960252756223,0
137.00356942079515,0
136.9446886457078,0
137.0518829393721,0
137.29408010947677,0
137.3742860893337,0
137.446820687945,0
137.57511707166773,0
137.61835659468,0
137.6551039554915,0
137.67537384765868,0
137.75113638744477,0
137.74395660629543,0
137.74926252138496,0
137.6757207058359,0
137.67857287950477,0
137.65197139586598,0
137.52313192113982,0
137.3281825596098,0
137.31100144752864,0
137.31461338072063,0
137.3068656728343,0
137.33377636616507,0
137.39669850168684,0
137.44607037571078,0
137.5189189311578,0
137.5887042373662,0
137.70318393835504,0
137.76811147163934,0
137.8939954727161,0
137.97986507387867,0
138.03698175333298,0
138.0650519196588,0
138.07027040465405,0
138.07420839888397,0
138.049639611328,0
138.0121143311029,0
138.01491882885193,0
138.03757337382456,0
138.04662667510235,0
138.07203449951282,0
138.07371184204484,0
138.0680306956352,0
138.05361894634655,0
138.0663400350392,0
138.08414859238806,0
138.14330334394742,0
138.1377241753593,0
138.21507580449432,0
138.22367219303732,0
138.2510840675388,0
138.23939240478097,0
138.27044540554942,0
138.27125707546745,0
138.27154002189084,0
138.2866450218497,0
138.24667457540298,0
138.24423840054948,0
137.8259806147194,0
137.48288575095992,0
137.34747625752283,0
137.26906389426327,0
137.30131698981475,0
137.3553873233073,0
137.31981998930982,0
137.18576223789677,0
137.1286899947076,0
137.03610268629026,0
137.06292131346146,0
137.0694128173085,0
137.08192229927752,0
136.96958698423035,0
136.9574148562352,0
136.93077038948292,0
136.910630644303,0
136.89077062859351,0
136.85227524254947,0
136.77436045516006,0
136.74462714003994,0
136.6991019275927,0
136.67267560094135,0
136.71232514822455,0
136.8282054851299,0
137.00950178776276,0
137.17208104002697,0
137.24076017524635,0
137.28157065600126,0
137.33599154211592,0
137.4204065360929,0
137.5226625580787,0
137.49340593628162,0
137.4808275015048,0
137.34555096242985,0
137.27594894370398,0
137.29785268474112,0
137.103969791805,0
136.90372354435263,0
136.88363079049336,0
136.9182861593708,0
136.92130923149236,0
136.91726464490728,0
136.94762908011592,0
136.96530146922566,0
136.96610044900143,0
136.9342670867904,0
136.93575369441447,0
136.93074344438236,0
136.9631573630519,0
136.99334725563904,0
136.9999492871469,0
136.9493386041462,0
136.94595487008957,0
136.92709436905741,0
136.92346391900494,0
136.8334800386434,0
136.74188002752686,0
136.7092988416546,0
136.68534110312692,0
136.71495830835335,0
136.67250184143683,0
136.73130823861314,0
136.74269455796613,0
136.79571440346174,0
136.83916227312213,0
136.91727462910282,0
137.019155918369,0
137.06783044410673,0
137.07015322582035,0
137.10133700118448,0
137.10917314778175,0
137.1295168868486,0
137.1952749936043,0
137.29325957081943,0
137.3273781438851,0
137.36748259842133,0
137.37951332432596,0
137.3785574009718,0
137.4145781804472,0
137.4276550929403,0
137.4607332828964,0
137.36721148029943,0
137.40767236615665,0
137.33762605627473,0
137.31131646291763,0
137.3202794636103,0
137.37537223317813,0
137.39583191248906,0
137.47804622494812,0
137.4801378184699,0
137.53525683214343,0
137.58768748837997,0
137.59722974620928,0
137.60354234808864,0
137.4349588211751,0
137.3159493437912,0
137.19446671624775,0
137.0709988352633,0
136.81114962085948,0
136.76024239744214,0
136.75490923698354,0
136.71467325221556,0
136.71733507203953,0
136.65837804855815,0
136.62110402346957,0
136.54926453103792,0
136.47773775303605,0
136.4550176289747,0
136.40060622692891,0
136.345634512576,0
136.32910208267705,0
136.30501773522943,0
136.43012594169673,0
136.5518878293942,0
136.56760166424027,0
136.48385567814108,0
136.33252560124123,0
136.24835999290246,0
136.17864539879687,0
136.11969183661776,0
136.04265241580393,0
136.03716117947252,0
135.99973483920974,0
135.925741767376,0
135.93284743023708,0
135.87378376947265,0
135.8311925892197,0
135.81863338166465,0
135.793832074009,0
135.7826311395195,0
135.77024011878993,0
135.66354148363027,0
135.59477374796944,0
135.41587366061012,0
135.30150701843087,0
135.1631659109652,0
134.91521002986852,0
134.87968420674505,0
134.8002990088996,0
134.73129832090436,0
134.6156323750499,0
134.59770818996412,0
